split,class,precision,recall,f1,support
train,Benign                                                                                      ,1.0,1.0,1.0,23438.0
train,Ransomware,0.8591514553527381,0.8894279877425945,0.8740276035131744,7832.0
train,Spyware,0.8788232547279944,0.9391217564870259,0.9079725003015318,8016.0
train,Trojan,0.9102602010644589,0.8111989459815547,0.8578793367702383,7590.0
val,Benign                                                                                      ,0.9998292058070025,0.9989761092150171,0.9994024754588134,5860.0
val,Ransomware,0.7375815353738083,0.7503828483920367,0.7439271255060729,1959.0
val,Spyware,0.7670083876980429,0.8213572854291418,0.7932530120481928,2004.0
val,Trojan,0.7688296639629201,0.6995255666842383,0.7325420921887938,1897.0
