split,n,accuracy,macro_f1,wrong_n,wrong_rate,confidence_correct_mean,confidence_wrong_mean
train,46876,0.9405452683676082,0.9099698601462362,2787,0.059454731632391844,0.9524987936019897,0.63238525390625
val,11720,0.8785836177474403,0.8172811763004683,1423,0.12141638225255973,0.9498041272163391,0.7481750249862671
