{
  "train_macro_f1": 0.9099698601462362,
  "val_macro_f1": 0.8172811763004683,
  "train_acc": 0.9405452683676082,
  "val_acc": 0.8785836177474403
}