{
  "loss": 0.22498216120870623,
  "accuracy": 0.9369186790681798,
  "macro_f1": 0.9049273533091671,
  "weighted_f1": 0.936727248677432,
  "per_class": {
    "Benign                                                                                      ": {
      "class_id": 0,
      "precision": 1.0,
      "recall": 0.9993173478965782,
      "f1": 0.9996585574050363,
      "support": 23438
    },
    "Ransomware": {
      "class_id": 1,
      "precision": 0.8658847526772055,
      "recall": 0.8672114402451481,
      "f1": 0.8665475886705792,
      "support": 7832
    },
    "Spyware": {
      "class_id": 2,
      "precision": 0.8801520370590331,
      "recall": 0.9244011976047904,
      "f1": 0.9017341040462428,
      "support": 8016
    },
    "Trojan": {
      "class_id": 3,
      "precision": 0.8753998053121959,
      "recall": 0.8293807641633728,
      "f1": 0.8517691631148095,
      "support": 7590
    }
  },
  "true_counts": {
    "Benign                                                                                      ": 23438,
    "Ransomware": 7832,
    "Spyware": 8016,
    "Trojan": 7590
  },
  "pred_counts": {
    "Benign                                                                                      ": 23422,
    "Ransomware": 7844,
    "Spyware": 8419,
    "Trojan": 7191
  },
  "confusion_matrix": [
    [
      23422,
      9,
      4,
      3
    ],
    [
      0,
      6792,
      579,
      461
    ],
    [
      0,
      174,
      7410,
      432
    ],
    [
      0,
      869,
      426,
      6295
    ]
  ]
}