{
  "space": "token_bin_offset",
  "k": 25,
  "train_fit_n": 46876,
  "train_full_n": 46876,
  "train_ref_mean_dist_q95": 6.619647078514099,
  "train_ref_mean_dist_q99": 8.226941990852357
}